{
    "Parameters": {
         "Environment": "prod",
         "TrustedNetworkCidr": "195.228.105.86/32",
         "HostedZoneName": "kinja.",
         "SshKeyName": "gmgprod",
         "JumpboxNodeType": "t2.medium",
         "OCServVPNInstanceType": "t2.medium",
         "OCServVPNServerAMI": "ami-46c1b650",
         "VPNMinSize": "1",
         "VPNMaxSize": "2",
         "ElasticacheNumCacheClusters": "2",
         "ElasticacheNodeType": "cache.m3.xlarge",
         "DatabaseNodeType": "db.r3.4xlarge",
         "ProfileDatabaseNodeType": "db.r3.4xlarge",
         "CommentsDatabaseNodeType": "db.r3.4xlarge",
         "DatabaseUsername": "toor",
         "DatabaseMasterUserPassword": "eveOqb4JYgWrSkcAvLuV9qLPF6",
         "KubernetesClusterName": "kinja-prod",
         "KubernetesClusterDomain": "kube01,kube02,kube03",
         "KubernetesS3BucketName": "kinja-prod-config-bucket",
         "DBManagementNodeType": "m4.large",
         "DBManagementNodeVolumeSize": "2048",
         "VividcortexMonitoringNodeType": "m3.medium",
         "VividcortexMonitoringNodeVolumeSize": "8",
         "PMMMonitoringNodeType": "m4.large",
         "RadiusServerInstanceType": "t2.micro",
         "RadiusServerAMI": "ami-46c1b650",
         "RadiusServerVolumeSize": "32",
         "RadiusServerMinSize": "2",
         "RadiusServerMaxSize": "3",
         "KubernetesClusterVersion": "1.5,1.5,1.7",
         "KubernetesAvailabilityZone": "0,1,2",
         "KubernetesSubnet": "A,B,C",
         "KubernetesClusterEtcdInstanceType": "m3.medium,m3.medium,m3.medium",
         "KubernetesClusterEtcdAMI": "ami-fd6c94eb,ami-fd6c94eb,ami-e582d29f",
         "KubernetesClusterEtcdVolumeSize": "64,64,64",
         "KubernetesClusterEtcdSharedVolumeSize": "128,128,128",
         "KubernetesClusterEtcdNodesMinSize": "5,5,5",
         "KubernetesClusterEtcdNodesMaxSize": "10,10,10",
         "KubernetesClusterControllerInstanceType": "m3.large,m3.large,m3.large",
         "KubernetesClusterControllerAMI": "ami-fd6c94eb,ami-fd6c94eb,ami-e582d29f",
         "KubernetesClusterControllerVolumeSize": "64,64,64",
         "KubernetesClusterControllerNodesMinSize": "4,4,4",
         "KubernetesClusterControllerNodesMaxSize": "8,8,8",
         "KubernetesClusterWorkerInstanceType": "m4.4xlarge,m4.4xlarge,m4.4xlarge",
         "KubernetesClusterWorkerAMI": "ami-fd6c94eb,ami-fd6c94eb,ami-e582d29f",
         "KubernetesClusterWorkerVolumeSize": "256,256,256",
         "KubernetesClusterWorkerNodesMinSize": "10,10,3",
         "KubernetesClusterWorkerNodesMaxSize": "64,64,64",
         "KubernetesClusterUtilityNodesMinSize": "1,1,0",
         "KubernetesClusterUtilityNodesMaxSize": "3,3,3",
         "ElasticsearchDomainName": "search-gmgawsprod-c4djramkpnblj72yt3sbznhxpy.us-east-1.es.amazonaws.com",
         "ElasticsearchLogstashNodesMinSize": "2",
         "ElasticsearchLogstashNodesMaxSize": "4",
         "ElasticsearchKibanaProxyNodesMinSize": "2",
         "ElasticsearchKibanaProxyNodesMaxSize": "4",
         "ElasticsearchLogstashInstanceType": "m3.medium",
         "ElasticsearchLogstashVolumeSize": "32"
     }
}
