{
    "Parameters": {
         "Environment": "staging",
         "TrustedNetworkCidr": "195.228.105.86/32",
         "HostedZoneName": "kinja.",
         "SshKeyName": "gmgprod",
         "JumpboxNodeType": "t2.medium",
         "OCServVPNInstanceType": "t2.medium",
         "OCServVPNServerAMI": "ami-46c1b650",
         "VPNMinSize": "0",
         "VPNMaxSize": "0",
         "ElasticacheNumCacheClusters": "2",
         "ElasticacheNodeType": "cache.m3.medium",
         "DatabaseNodeType": "db.t2.medium",
         "ProfileDatabaseNodeType": "db.t2.medium",
         "CommentsDatabaseNodeType": "db.t2.medium",
         "DatabaseUsername": "toor",
         "DatabaseMasterUserPassword": "eveOqb4JYgWrSkcAvLuV9qLPF6",
         "KubernetesClusterName": "kinja-staging",
         "KubernetesClusterDomain": "old,kube01,kube03",
         "KubernetesS3BucketName": "kinja-staging-config-bucket",
         "DBManagementNodeType": "t2.medium",
         "DBManagementNodeVolumeSize": "8",
         "VividcortexMonitoringNodeType": "t2.medium",
         "VividcortexMonitoringNodeVolumeSize": "8",
         "PMMMonitoringNodeType": "t2.medium",
         "RadiusServerInstanceType": "t2.micro",
         "RadiusServerAMI": "ami-46c1b650",
         "RadiusServerVolumeSize": "32",
         "RadiusServerMinSize": "0",
         "RadiusServerMaxSize": "2",
         "KubernetesClusterVersion": "1.5,1.5,1.7",
         "KubernetesAvailabilityZone": "0,1,2",
         "KubernetesSubnet": "A,B,C",
         "KubernetesClusterEtcdInstanceType": "m3.medium,m3.medium,m3.medium",
         "KubernetesClusterEtcdAMI": "ami-fd6c94eb,ami-fd6c94eb,ami-e582d29f",
         "KubernetesClusterEtcdVolumeSize": "64,64,64",
         "KubernetesClusterEtcdSharedVolumeSize": "128,128,128",
         "KubernetesClusterEtcdNodesMinSize": "0,0,0",
         "KubernetesClusterEtcdNodesMaxSize": "10,10,10",
         "KubernetesClusterControllerInstanceType": "m3.large,m3.large,m3.large",
         "KubernetesClusterControllerAMI": "ami-fd6c94eb,ami-fd6c94eb,ami-e582d29f",
         "KubernetesClusterControllerVolumeSize": "64,64,64",
         "KubernetesClusterControllerNodesMinSize": "0,0,0",
         "KubernetesClusterControllerNodesMaxSize": "8,8,8",
         "KubernetesClusterWorkerInstanceType": "m4.4xlarge,m4.4xlarge,m4.4xlarge",
         "KubernetesClusterWorkerAMI": "ami-fd6c94eb,ami-fd6c94eb,ami-e582d29f",
         "KubernetesClusterWorkerVolumeSize": "256,256,256",
         "KubernetesClusterWorkerNodesMinSize": "0,0,0",
         "KubernetesClusterWorkerNodesMaxSize": "16,16,16",
         "KubernetesClusterUtilityNodesMinSize": "0,0,0",
         "KubernetesClusterUtilityNodesMaxSize": "3,3,3",
         "ElasticsearchDomainName": "nodomain",
         "ElasticsearchLogstashNodesMinSize": "1",
         "ElasticsearchLogstashNodesMaxSize": "2",
         "ElasticsearchKibanaProxyNodesMinSize": "1",
         "ElasticsearchKibanaProxyNodesMaxSize": "2",
         "ElasticsearchLogstashInstanceType": "m3.medium",
         "ElasticsearchLogstashVolumeSize": "32"
     }
}
