{
    "Parameters": {
        "AppCertificateArn": "arn:aws:acm:us-east-1:626604290616:certificate/c6a47dc9-2306-4368-82a4-7773c23baf03",
        "FeWebAppCertificateArn": "arn:aws:acm:us-east-1:626604290616:certificate/b452efaa-121f-4c0a-b5f0-ce0d8c2420e6",
        "UnivisionComCertificateArn": "arn:aws:acm:us-east-1:626604290616:certificate/b452efaa-121f-4c0a-b5f0-ce0d8c2420e6",
        "ExternalDomainName": "prod-univision.com",
        "InternalDomainName": "prod-univision-api.internal",
        "ExternalHostedZone": "Z5QBQQIGNCK0G",
        "ProjectName": "prod-univision-api-us-east-1",
        "SshKeyName": "prod-univision-api-us-east-1",
        "StackConfigurationBucket": "prod-uni-ue-i-tpl",
        "TrustedNetworkCidr": "192.155.114.1/24",
        "VmhDatabaseMasterUserPassword": "dkjffaiuiewui78372",
        "VmhDatabaseUsername": "vmhuser",
        "VpcName": "prod-univision-api-services-vpc",
        "VpcCidr": "10.38.0.0/16",
        "KubernetesCidr": "10.60.0.0/16",
        "Environment": "prod",
        "DevIPAddresses": "66.176.231.195/32, 190.60.105.230/32, 192.155.112.1/32, 192.30.252.0/22, 185.199.108.0/22, 108.60.140.170/32, 104.61.66.26/32, 66.176.99.187/32, 174.48.92.116/32, 73.205.15.124/32, 190.19.250.107/32, 104.36.2.10/32",
        "DeportesApiHost": "deportesv2.prod-univision.com",
        "DeportesApiTitle": "Prod Deportes Api Gateaway",
        "DeportesApiHost0001": "sports-api.prod-univision.com",
        "K8sDeportesAlbAddress": "deportes.k8s.prod-univision.com",
        "DeportesBasePathStage": "qa",
        "DeportesApiTitle0001": "Prod Deportes Api Gateway 0001",
        "DeportesBasePathStage0001": "qa",
        "MetaDataApiTitle0001": "Prod MetaData Api Gateway 0001",
        "MetaDataBasePathStage0001": "qa",
        "K8sProfileAlbAddress": "profile.k8s.prod-univision.com",
        "K8sMetaDataAlbAddress": "metadata.k8s.prod-univision.com",
        "StreamsApiHost0001": "streamsv20001.prod-univision.com",
        "StreamsApiTitle0001": "Prod Streams Api Gateway 0001",
        "StreamsBasePathStage0001": "qa",
        "DeportesCodeDeployAppName": "prod-deportes-awslogs",
        "FeWebAppCodeDeployAppName": "prod-fe-web-app-awslogs",
        "TVSSCodeDeployAppName": "prod-tvss-awslogs",
        "ProfilerCodeDeployAppName": "prod-profiler-awslogs",
        "MetaDataCodeDeployAppName": "prod-meta-data-awslogs",
        "OCServVPNInstanceType": "t2.medium",
        "OCServVPNServerAMI": "ami-056490146850c8aeb",
        "VPNMinSize": "1",
        "VPNMaxSize": "2",
        "VPNDesiredCapacity": "1",
        "RadiusServerInstanceType": "t2.micro",
        "RadiusServerAMI": "ami-09abcee6eebc37bfa",
        "RadiusServerVolumeSize": "32",
        "RadiusServerMinSize": "1",
        "RadiusServerMaxSize": "2",
        "RadiusServerDesiredCapacity": "1",
        "GithubToken": "9154129d88acca833fc0a3b53b2e3003f96a4e85",
        "JenkinsBuilderBranch": "master",
        "VPCPeeringConnectionId": "pcx-0a00610371e307a19"
    }
}
