{
    "Parameters": {
        "AppCertificateArn": "arn:aws:acm:us-east-1:127705864914:certificate/435fa17e-772c-44e3-b50b-c3ddc4964e7d",
        "ExternalDomainName": "staging-univision.com",
        "InternalDomainName": "vmh.internal",
        "ExternalHostedZone": "Z1ZLIH9AOSBZVA",
        "ProjectName": "vmh-us-east-1",
        "SshKeyName": "staging-fmg-api",
        "StackConfigurationBucket": "vmh-east-templates",
        "TrustedNetworkCidr": "192.155.114.1/24",
        "VmhDatabaseMasterUserPassword": "d92292jo23k434o3",
        "VmhDatabaseUsername": "Toorbash",
        "VpcName": "staging-univision-api-services-vpc",
        "VpcCidr": "10.38.0.0/16",
        "Environment": "staging",
        "DevIPAddresses": "66.176.231.195/32"
    }
}
